name,price,rating
A Light in the ...,51.77,star-rating Three
Tipping the Velvet,53.74,star-rating One
Soumission,50.10,star-rating One
Sharp Objects,47.82,star-rating Four
Sapiens: A Brief History ...,54.23,star-rating Five
The Requiem Red,22.65,star-rating One
The Dirty Little Secrets ...,33.34,star-rating Four
The Coming Woman: A ...,17.93,star-rating Three
The Boys in the ...,22.60,star-rating Four
The Black Maria,52.15,star-rating One
Starving Hearts (Triangular Trade ...,13.99,star-rating Two
Shakespeare's Sonnets,20.66,star-rating Four
Set Me Free,17.46,star-rating Five
Scott Pilgrim's Precious Little ...,52.29,star-rating Five
Rip it Up and ...,35.02,star-rating Five
Our Band Could Be ...,57.25,star-rating Three
Olio,23.88,star-rating One
Mesaerion: The Best Science ...,37.59,star-rating One
Libertarianism for Beginners,51.33,star-rating Two
It's Only the Himalayas,45.17,star-rating Two
In Her Wake,12.84,star-rating One
How Music Works,37.32,star-rating Two
Foolproof Preserving: A Guide ...,30.52,star-rating Three
Chase Me (Paris Nights ...,25.27,star-rating Five
Black Dust,34.53,star-rating Five
Birdsong: A Story in ...,54.64,star-rating Three
America's Cradle of Quarterbacks: ...,22.50,star-rating Three
Aladdin and His Wonderful ...,53.13,star-rating Three
Worlds Elsewhere: Journeys Around ...,40.30,star-rating Five
Wall and Piece,44.18,star-rating Four
The Four Agreements: A ...,17.66,star-rating Five
The Five Love Languages: ...,31.05,star-rating Three
The Elephant Tree,23.82,star-rating Five
The Bear and the ...,36.89,star-rating One
Sophie's World,15.94,star-rating Five
Penny Maybe,33.29,star-rating Three
Maude (1883-1993):She Grew Up ...,18.02,star-rating Two
"In a Dark, Dark ...",19.63,star-rating One
Behind Closed Doors,52.22,star-rating Four
You can't bury them ...,33.63,star-rating Two
Slow States of Collapse: ...,57.31,star-rating Three
Reasons to Stay Alive,26.41,star-rating Two
Private Paris (Private #10),47.61,star-rating Five
#HigherSelfie: Wake Up Your ...,23.11,star-rating Five
Without Borders (Wanderlove #1),45.07,star-rating Two
When We Collided,31.77,star-rating One
"We Love You, Charlie ...",50.27,star-rating Five
Untitled Collection: Sabbath Poems ...,14.27,star-rating Four
Unseen City: The Majesty ...,44.18,star-rating Four
Unicorn Tracks,18.78,star-rating Three
Unbound: How Eight Technologies ...,25.52,star-rating One
Tsubasa: WoRLD CHRoNiCLE 2 ...,16.28,star-rating One
Throwing Rocks at the ...,31.12,star-rating Three
This One Summer,19.49,star-rating Four
Thirst,17.27,star-rating Five
The Torch Is Passed: ...,19.09,star-rating One
The Secret of Dreadwillow ...,56.13,star-rating One
The Pioneer Woman Cooks: ...,56.41,star-rating One
The Past Never Ends,56.50,star-rating Four
The Natural History of ...,45.22,star-rating Three
The Nameless City (The ...,38.16,star-rating Four
The Murder That Never ...,54.11,star-rating Three
The Most Perfect Thing: ...,42.96,star-rating Four
The Mindfulness and Acceptance ...,23.89,star-rating Four
The Life-Changing Magic of ...,16.77,star-rating Three
The Inefficiency Assassin: Time ...,20.59,star-rating Five
The Gutsy Girl: Escapades ...,37.13,star-rating One
The Electric Pencil: Drawings ...,56.06,star-rating One
The Death of Humanity: ...,58.11,star-rating Four
The Bulletproof Diet: Lose ...,49.05,star-rating Three
The Art Forger,40.76,star-rating Three
The Age of Genius: ...,19.73,star-rating One
The Activist's Tao Te ...,32.24,star-rating Five
Spark Joy: An Illustrated ...,41.83,star-rating Four
Soul Reader,39.58,star-rating Two
Security,39.25,star-rating Two
"Saga, Volume 6 (Saga ...",25.02,star-rating Three
"Saga, Volume 5 (Saga ...",51.04,star-rating Two
Reskilling America: Learning to ...,19.83,star-rating Two
"Rat Queens, Vol. 3: ...",50.40,star-rating Three
"Princess Jellyfish 2-in-1 Omnibus, ...",13.61,star-rating Five
Princess Between Worlds (Wide-Awake ...,13.34,star-rating Five
"Pop Gun War, Volume ...",18.97,star-rating One
"Political Suicide: Missteps, Peccadilloes, ...",36.28,star-rating Two
Patience,10.16,star-rating Three
"Outcast, Vol. 1: A ...",15.44,star-rating Four
orange: The Complete Collection ...,48.41,star-rating One
Online Marketing for Busy ...,46.35,star-rating One
On a Midnight Clear,14.07,star-rating Three
Obsidian (Lux #1),14.86,star-rating Two
My Paris Kitchen: Recipes ...,33.37,star-rating Two
Masks and Shadows,56.40,star-rating Two
Mama Tried: Traditional Italian ...,14.02,star-rating Four
"Lumberjanes, Vol. 2: Friendship ...",46.91,star-rating Two
"Lumberjanes, Vol. 1: Beware ...",45.61,star-rating Three
Lumberjanes Vol. 3: A ...,19.92,star-rating Two
"Layered: Baking, Building, and ...",40.11,star-rating One
Judo: Seven Steps to ...,53.90,star-rating Two
Join,35.67,star-rating Five
In the Country We ...,22.00,star-rating Four
Immunity: How Elie Metchnikoff ...,57.36,star-rating Five
"I Hate Fairyland, Vol. ...",29.17,star-rating Two
I am a Hero ...,54.63,star-rating Three
How to Be Miserable: ...,46.03,star-rating One
Her Backup Boyfriend (The ...,33.97,star-rating One
"Giant Days, Vol. 2 ...",22.11,star-rating Two
Forever and Forever: The ...,29.69,star-rating Three
First and First (Five ...,15.97,star-rating Four
Fifty Shades Darker (Fifty ...,21.96,star-rating One
Everydata: The Misinformation Hidden ...,54.35,star-rating Two
Don't Be a Jerk: ...,37.97,star-rating Two
Danganronpa Volume 1,51.99,star-rating Four
Crown of Midnight (Throne ...,43.29,star-rating Three
"Codename Baboushka, Volume 1: ...",36.72,star-rating Four
Camp Midnight,17.08,star-rating Four
Call the Nurse: True ...,29.14,star-rating Five
Burning,28.81,star-rating Three
Bossypants,49.46,star-rating Two
"Bitch Planet, Vol. 1: ...",37.92,star-rating Two
Avatar: The Last Airbender: ...,28.09,star-rating Two
Algorithms to Live By: ...,30.81,star-rating One
A World of Flavor: ...,42.95,star-rating One
"A Piece of Sky, ...",56.76,star-rating Five
A Murder in Time,16.64,star-rating One
A Flight of Arrows ...,55.53,star-rating Five
A Fierce and Subtle ...,28.13,star-rating Four
A Court of Thorns ...,52.37,star-rating One
(Un)Qualified: How God Uses ...,54.00,star-rating Five
You Are What You ...,21.87,star-rating Four
William Shakespeare's Star Wars: ...,43.30,star-rating Four
Tuesday Nights in 1980,21.04,star-rating Two
Tracing Numbers on a ...,41.60,star-rating Three
Throne of Glass (Throne ...,35.07,star-rating Three
Thomas Jefferson and the ...,59.64,star-rating One
Thirteen Reasons Why,52.72,star-rating One
The White Cat and ...,58.08,star-rating Four
The Wedding Dress,24.12,star-rating One
The Vacationers,42.15,star-rating Four
The Third Wave: An ...,12.61,star-rating Five
The Stranger,17.44,star-rating Four
The Shadow Hero (The ...,33.14,star-rating One
The Secret (The Secret ...,27.37,star-rating Four
The Regional Office Is ...,51.36,star-rating Five
The Psychopath Test: A ...,36.00,star-rating Two
The Project,10.65,star-rating One
The Power of Now: ...,43.54,star-rating Two
The Omnivore's Dilemma: A ...,38.21,star-rating Two
The Nerdy Nummies Cookbook: ...,37.34,star-rating Five
The Murder of Roger ...,44.10,star-rating Four
The Mistake (Off-Campus #2),43.29,star-rating Three
The Matchmaker's Playbook (Wingmen ...,55.85,star-rating One
The Love and Lemons ...,37.60,star-rating Two
The Long Shadow of ...,10.97,star-rating One
The Kite Runner,41.82,star-rating Four
The House by the ...,36.95,star-rating One
The Glittering Court (The ...,44.28,star-rating One
The Girl on the ...,55.02,star-rating Two
The Genius of Birds,17.24,star-rating One
The Emerald Mystery,23.15,star-rating Two
The Cookies & Cups ...,41.25,star-rating One
The Bridge to Consciousness: ...,32.00,star-rating Three
The Artist's Way: A ...,38.49,star-rating Five
The Art of War,33.34,star-rating Five
The Argonauts,10.93,star-rating Two
The 10% Entrepreneur: Live ...,27.55,star-rating Three
Suddenly in Love (Lake ...,55.99,star-rating Two
Something More Than This,16.24,star-rating Four
Soft Apocalypse,26.12,star-rating Two
So You've Been Publicly ...,12.23,star-rating Two
Shoe Dog: A Memoir ...,23.99,star-rating Two
"Shobu Samurai, Project Aryoku ...",29.06,star-rating Three
Secrets and Lace (Fatal ...,20.27,star-rating One
Scarlett Epstein Hates It ...,43.55,star-rating Five
Romero and Juliet: A ...,36.94,star-rating One
Redeeming Love,20.47,star-rating Five
Poses for Artists Volume ...,41.06,star-rating One
Poems That Make Grown ...,14.19,star-rating Four
"Nightingale, Sing",38.28,star-rating One
Night Sky with Exit ...,41.05,star-rating One
Mrs. Houdini,30.25,star-rating Five
Modern Romance,28.26,star-rating Five
Miss Peregrine’s Home for ...,10.76,star-rating One
Louisa: The Extraordinary Life ...,16.85,star-rating Two
Little Red,13.47,star-rating Three
Library of Souls (Miss ...,48.56,star-rating Five
Large Print Heart of ...,19.15,star-rating Two
I Had a Nice ...,57.36,star-rating Four
Hollow City (Miss Peregrine’s ...,42.98,star-rating One
Grumbles,22.16,star-rating Two
Full Moon over Noah’s ...,49.43,star-rating Four
Frostbite (Vampire Academy #2),29.99,star-rating Five
Follow You Home,21.36,star-rating One
First Steps for New ...,29.00,star-rating One
Finders Keepers (Bill Hodges ...,53.53,star-rating Five
"Fables, Vol. 1: Legends ...",41.62,star-rating Four
Eureka Trivia 6.0,54.59,star-rating Four
Drive: The Surprising Truth ...,34.95,star-rating Four
Done Rubbed Out (Reightman ...,37.72,star-rating Five
Doing It Over (Most ...,35.61,star-rating Three
Deliciously Ella Every Day: ...,42.16,star-rating Three
Dark Notes,19.19,star-rating Five
Daring Greatly: How the ...,19.43,star-rating Three
Close to You,49.46,star-rating Four
Chasing Heaven: What Dying ...,37.80,star-rating Two
Big Magic: Creative Living ...,30.80,star-rating Three
Becoming Wise: An Inquiry ...,27.43,star-rating Two
Beauty Restored (Riley Family ...,11.11,star-rating Two
Batman: The Long Halloween ...,36.50,star-rating Two
Batman: The Dark Knight ...,15.38,star-rating Five
Ayumi's Violin,15.48,star-rating Two
Anonymous,46.82,star-rating Four
Amy Meets the Saints ...,18.46,star-rating Three
Amid the Chaos,36.58,star-rating One
Amatus,50.54,star-rating Five
Agnostic: A Spirited Manifesto,12.51,star-rating Five
Zealot: The Life and ...,24.70,star-rating Three
You (You #1),43.61,star-rating Five
"Wonder Woman: Earth One, ...",37.34,star-rating Four
Wild Swans,14.36,star-rating Two
Why the Right Went ...,52.65,star-rating Four
Whole Lotta Creativity Going ...,38.20,star-rating Four
What's It Like in ...,19.60,star-rating Two
"We Are Robin, Vol. ...",53.90,star-rating One
Walt Disney's Alice in ...,12.96,star-rating Five
V for Vendetta (V ...,37.10,star-rating Four
Until Friday Night (The ...,46.31,star-rating Two
Unbroken: A World War ...,45.95,star-rating Two
Twenty Yawns,22.08,star-rating Two
Through the Woods,25.38,star-rating Two
This Is Where It ...,27.12,star-rating Two
The Year of Magical ...,43.04,star-rating Two
The Wright Brothers,56.80,star-rating Four
The White Queen (The ...,25.91,star-rating Five
The Wedding Pact (The ...,32.61,star-rating Three
The Time Keeper,27.88,star-rating Five
The Testament of Mary,52.67,star-rating Four
The Star-Touched Queen,46.02,star-rating Five
The Songs of the ...,44.48,star-rating Five
The Song of Achilles,37.40,star-rating Five
The Rosie Project (Don ...,54.04,star-rating One
The Power of Habit: ...,16.88,star-rating Three
The Marriage of Opposites,28.08,star-rating Four
The Lucifer Effect: Understanding ...,10.40,star-rating One
The Long Haul (Diary ...,44.07,star-rating One
The Loney,23.40,star-rating One
The Literature Book (Big ...,17.43,star-rating Three
The Last Mile (Amos ...,54.21,star-rating Two
The Immortal Life of ...,40.67,star-rating Two
The Hidden Oracle (The ...,52.26,star-rating Two
The Help Yourself Cookbook ...,28.77,star-rating Three
The Guilty (Will Robie ...,13.82,star-rating Two
The First Hostage (J.B. ...,25.85,star-rating Three
The Dovekeepers,48.78,star-rating One
The Darkest Lie,35.35,star-rating Five
The Bane Chronicles (The ...,44.73,star-rating Four
The Bad-Ass Librarians of ...,15.77,star-rating One
The 14th Colony (Cotton ...,39.24,star-rating One
That Darkness (Gardiner and ...,13.92,star-rating One
Tastes Like Fear (DI ...,10.69,star-rating One
Take Me with You,45.21,star-rating Three
Swell: A Year of ...,45.58,star-rating One
Superman Vol. 1: Before ...,11.89,star-rating Five
Still Life with Bread ...,26.41,star-rating Three
Steve Jobs,39.50,star-rating Five
Sorting the Beef from ...,44.74,star-rating Four
Someone Like You (The ...,52.79,star-rating Five
"So Cute It Hurts!!, ...",35.43,star-rating Four
Shtum,55.84,star-rating Four
See America: A Celebration ...,48.87,star-rating Three
salt.,46.78,star-rating Four
Robin War,47.82,star-rating Three
"Red Hood/Arsenal, Vol. 1: ...",25.48,star-rating Two
Rain Fish,23.57,star-rating Three
Quarter Life Poetry: Poems ...,50.89,star-rating Five
Pet Sematary,10.56,star-rating Three
"Overload: How to Unplug, ...",52.15,star-rating Three
Once Was a Time,18.28,star-rating Two
Old School (Diary of ...,11.83,star-rating Five
No Dream Is Too ...,21.95,star-rating Two
"Naruto (3-in-1 Edition), Vol. ...",38.39,star-rating Two
My Name Is Lucy ...,41.56,star-rating One
My Mrs. Brown,24.48,star-rating Three
My Kind of Crazy,40.36,star-rating One
Mr. Mercedes (Bill Hodges ...,28.90,star-rating One
More Than Music (Chasing ...,37.61,star-rating Two
Made to Stick: Why ...,38.85,star-rating Five
Luis Paints the World,53.95,star-rating Three
Luckiest Girl Alive,49.83,star-rating Three
Lowriders to the Center ...,51.51,star-rating Two
Love Is a Mix ...,18.03,star-rating One
Looking for Lovely: Collecting ...,29.14,star-rating Five
Living Leadership by Insight: ...,46.91,star-rating Four
Let It Out: A ...,26.79,star-rating Five
Lady Midnight (The Dark ...,16.28,star-rating Five
"It's All Easy: Healthy, ...",19.55,star-rating One
Island of Dragons (Unwanteds ...,29.65,star-rating One
I Know What I'm ...,25.98,star-rating Four
I Am Pilgrim (Pilgrim ...,10.60,star-rating Four
Hyperbole and a Half: ...,14.75,star-rating Five
"Hush, Hush (Hush, Hush ...",47.02,star-rating Three
Hold Your Breath (Search ...,28.82,star-rating One
Hamilton: The Revolution,58.79,star-rating Three
Greek Mythic History,10.23,star-rating Five
God: The Most Unpleasant ...,30.03,star-rating Five
Glory over Everything: Beyond ...,45.84,star-rating Three
Feathers: Displays of Brilliant ...,49.05,star-rating Three
Far & Away: Places ...,15.06,star-rating Four
Every Last Word,46.47,star-rating Three
Eligible (The Austen Project ...,27.09,star-rating Three
El Deafo,57.62,star-rating Five
Eight Hundred Grapes,14.39,star-rating Four
Eaternity: More than 150 ...,51.75,star-rating Five
"Eat Fat, Get Thin",54.07,star-rating Two
Don't Get Caught,55.35,star-rating One
Doctor Sleep (The Shining ...,40.12,star-rating Two
Demigods & Magicians: Percy ...,37.51,star-rating Five
Dear Mr. Knightley,11.21,star-rating Five
Daily Fantasy Sports,36.58,star-rating One
Crazy Love: Overwhelmed by ...,47.72,star-rating Two
Cometh the Hour (The ...,25.01,star-rating Three
Code Name Verity (Code ...,22.13,star-rating Four
Clockwork Angel (The Infernal ...,44.14,star-rating One
City of Glass (The ...,56.02,star-rating Four
City of Fallen Angels ...,11.23,star-rating Four
City of Bones (The ...,43.28,star-rating One
City of Ashes (The ...,47.27,star-rating One
Cell,20.29,star-rating Four
Catching Jordan (Hundred Oaks),50.83,star-rating Three
"Carry On, Warrior: Thoughts ...",31.85,star-rating Three
Carrie,46.23,star-rating Two
Buying In: The Secret ...,37.80,star-rating Four
Brain on Fire: My ...,49.32,star-rating Five
Batman: Europa,32.01,star-rating Two
Barefoot Contessa Back to ...,28.01,star-rating One
Barefoot Contessa at Home: ...,50.62,star-rating Five
Balloon Animals,17.03,star-rating Three
Art Ops Vol. 1,48.80,star-rating Three
Aristotle and Dante Discover ...,58.14,star-rating Four
Angels Walking (Angels Walking ...,34.20,star-rating Two
Angels & Demons (Robert ...,51.48,star-rating Three
All the Light We ...,29.87,star-rating Five
Adulthood Is a Myth: ...,10.90,star-rating Two
Abstract City,56.37,star-rating Five
A Time of Torment ...,48.35,star-rating Five
A Study in Scarlet ...,16.73,star-rating Two
A Series of Catastrophes ...,56.48,star-rating Two
A People's History of ...,40.79,star-rating Two
A Man Called Ove,39.72,star-rating One
A Distant Mirror: The ...,14.58,star-rating Three
A Brush of Wings ...,55.51,star-rating One
1491: New Revelations of ...,21.80,star-rating Three
"The Three Searches, Meaning, ...",13.33,star-rating Three
Searching for Meaning in ...,38.73,star-rating One
Rook,37.86,star-rating Four
My Kitchen Year: 136 ...,11.53,star-rating Two
13 Hours: The Inside ...,27.06,star-rating One
Will You Won't You ...,13.86,star-rating Three
Tipping Point for Planet ...,37.55,star-rating One
The Star-Touched Queen,32.30,star-rating Five
The Silent Sister (Riley ...,46.29,star-rating Five
The Midnight Watch: A ...,26.20,star-rating One
The Lonely City: Adventures ...,33.26,star-rating Two
The Gray Rhino: How ...,59.15,star-rating Four
The Golden Condom: And ...,39.43,star-rating One
The Epidemic (The Program ...,14.44,star-rating Five
The Dinner Party,56.54,star-rating Two
The Diary of a ...,59.90,star-rating Three
The Children,11.88,star-rating Three
Stars Above (The Lunar ...,48.05,star-rating Two
Snatched: How A Drug ...,21.21,star-rating Three
Raspberry Pi Electronics Projects ...,49.67,star-rating Four
Quench Your Own Thirst: ...,43.14,star-rating One
Psycho: Sanitarium (Psycho #1.5),36.97,star-rating Five
Poisonous (Max Revere Novels ...,26.80,star-rating Three
One with You (Crossfire ...,15.71,star-rating Four
No Love Allowed (Dodge ...,54.65,star-rating Four
Murder at the 42nd ...,54.36,star-rating Four
Most Wanted,35.28,star-rating Three
"Love, Lies and Spies",20.55,star-rating Two
How to Speak Golf: ...,58.32,star-rating Five
Hide Away (Eve Duncan ...,11.84,star-rating One
Furiously Happy: A Funny ...,41.46,star-rating Four
Everyday Italian: 125 Simple ...,20.10,star-rating Five
Equal Is Unfair: America's ...,56.86,star-rating One
Eleanor & Park,56.51,star-rating Five
Dirty (Dive Bar #1),40.83,star-rating Four
Can You Keep a ...,48.64,star-rating One
Boar Island (Anna Pigeon ...,59.48,star-rating Three
A Paris Apartment,39.01,star-rating Four
A la Mode: 120 ...,38.77,star-rating One
Troublemaker: Surviving Hollywood and ...,48.39,star-rating Two
The Widow,27.26,star-rating Two
The Sleep Revolution: Transforming ...,11.68,star-rating Four
The Improbability of Love,59.45,star-rating One
The Art of Startup ...,21.00,star-rating Three
Take Me Home Tonight ...,53.98,star-rating Three
Sleeping Giants (Themis Files ...,48.74,star-rating One
Setting the World on ...,21.15,star-rating Two
Playing with Fire,13.71,star-rating Three
Off the Hook (Fishing ...,47.67,star-rating Three
Mothering Sunday,13.34,star-rating Two
"Mother, Can You Not?",16.89,star-rating Five
M Train,27.18,star-rating One
Lilac Girls,17.28,star-rating Two
Lies and Other Acts ...,45.14,star-rating One
Lab Girl,40.85,star-rating One
Keep Me Posted,20.46,star-rating Four
It Didn't Start with ...,56.27,star-rating Three
Grey (Fifty Shades #4),48.49,star-rating Four
"Exit, Pursued by a ...",51.34,star-rating Four
Daredevils,16.34,star-rating Three
Cravings: Recipes for What ...,20.50,star-rating Three
Born for This: How ...,21.59,star-rating Five
Arena,21.36,star-rating Four
Adultery,20.88,star-rating Five
A Mother's Reckoning: Living ...,19.53,star-rating Three
A Gentleman's Position (Society ...,14.75,star-rating Five
11/22/63,48.48,star-rating Three
10% Happier: How I ...,24.57,star-rating Two
10-Day Green Smoothie Cleanse: ...,49.71,star-rating Five
Without Shame,48.27,star-rating Five
Watchmen,58.05,star-rating Four
Unlimited Intuition Now,58.87,star-rating Four
Underlying Notes,11.82,star-rating Two
The Shack,28.03,star-rating One
The New Brand You: ...,44.05,star-rating Five
The Moosewood Cookbook: Recipes ...,12.34,star-rating Four
The Flowers Lied,16.68,star-rating Two
The Fabric of the ...,55.91,star-rating One
The Book of Mormon,24.57,star-rating Three
The Art and Science ...,52.98,star-rating Five
The Alien Club,54.40,star-rating One
Suzie Snowflake: One beautiful ...,54.81,star-rating Five
Nap-a-Roo,25.08,star-rating One
NaNo What Now? Finding ...,10.41,star-rating Four
Modern Day Fables,47.44,star-rating Two
If I Gave You ...,20.91,star-rating One
"Fruits Basket, Vol. 9 ...",33.95,star-rating Four
Dress Your Family in ...,43.68,star-rating Three
Don't Forget Steven,33.23,star-rating One
Chernobyl 01:23:40: The Incredible ...,35.92,star-rating Two
Art and Fear: Observations ...,48.63,star-rating Four
A Shard of Ice ...,56.63,star-rating Three
A Hero's Curse (The ...,50.49,star-rating Three
23 Degrees South: A ...,35.79,star-rating Two
Zero to One: Notes ...,34.06,star-rating Three
Why Not Me?,17.76,star-rating One
When Breath Becomes Air,39.36,star-rating Two
Vagabonding: An Uncommon Guide ...,36.94,star-rating Two
The Unlikely Pilgrimage of ...,43.62,star-rating Five
The New Drawing on ...,43.02,star-rating Three
"The Midnight Assassin: Panic, ...",28.45,star-rating Four
The Martian (The Martian ...,41.39,star-rating Two
The High Mountains of ...,51.15,star-rating One
The Grownup,35.88,star-rating One
The E-Myth Revisited: Why ...,36.91,star-rating One
South of Sunshine,28.93,star-rating One
Smarter Faster Better: The ...,38.89,star-rating Five
Silence in the Dark ...,58.33,star-rating Three
Shadows of the Past ...,39.67,star-rating Five
Roller Girl,14.10,star-rating Five
Rising Strong,21.82,star-rating Three
Proofs of God: Classical ...,54.21,star-rating One
Please Kill Me: The ...,31.19,star-rating Four
Out of Print: City ...,53.64,star-rating Five
My Life Next Door ...,36.39,star-rating Five
Miller's Valley,58.54,star-rating Two
Man's Search for Meaning,29.48,star-rating Three
Love That Boy: What ...,25.06,star-rating Two
Living Forward: A Proven ...,12.55,star-rating Three
Les Fleurs du Mal,29.04,star-rating Five
Left Behind (Left Behind ...,40.72,star-rating Two
Kill 'Em and Leave: ...,45.05,star-rating Five
Kierkegaard: A Christian Missionary ...,47.13,star-rating One
John Vassos: Industrial Design ...,20.22,star-rating Four
I'll Give You the ...,56.48,star-rating One
I Will Find You,44.21,star-rating One
Hystopia: A Novel,21.96,star-rating Four
Howl and Other Poems,40.45,star-rating Two
History of Beauty,10.29,star-rating Four
Heaven is for Real: ...,52.86,star-rating Two
Future Shock (Future Shock ...,55.65,star-rating Five
Ender's Game (The Ender ...,43.64,star-rating One
Diary of a Citizen ...,28.41,star-rating One
Death by Leisure: A ...,37.51,star-rating Four
Brilliant Beacons: A History ...,11.45,star-rating Three
Brazen: The Courage to ...,19.22,star-rating Two
Between the World and ...,56.91,star-rating Four
Being Mortal: Medicine and ...,55.06,star-rating Four
A Murder Over a ...,13.20,star-rating Three
32 Yolks,53.63,star-rating Two
"""Most Blessed of the ...",44.48,star-rating Five
You Are a Badass: ...,12.08,star-rating Three
Wildlife of New York: ...,22.14,star-rating Two
What Happened on Beale ...,25.37,star-rating Five
Unreasonable Hope: Finding Faith ...,46.33,star-rating Two
Under the Tuscan Sun,37.33,star-rating Three
Toddlers Are A**holes: It's ...,25.55,star-rating One
The Year of Living ...,34.72,star-rating One
The Whale,35.96,star-rating Four
The Story of Art,41.14,star-rating Four
The Origin of Species,10.01,star-rating Four
The Great Gatsby,36.05,star-rating Four
The Good Girl,49.03,star-rating Three
The Glass Castle,16.24,star-rating One
The Faith of Christopher ...,39.55,star-rating One
The Drowning Girls,35.67,star-rating Three
The Constant Princess (The ...,16.62,star-rating Three
The Bourne Identity (Jason ...,42.78,star-rating Four
The Bachelor Girl's Guide ...,52.30,star-rating Five
The Art Book,32.34,star-rating Two
The 7 Habits of ...,33.17,star-rating Four
Team of Rivals: The ...,20.12,star-rating Five
Steal Like an Artist: ...,20.90,star-rating Two
"Sit, Stay, Love",20.90,star-rating Three
Sister Dear,40.20,star-rating Four
"Shrunken Treasures: Literary Classics, ...",52.87,star-rating Three
"Rich Dad, Poor Dad",51.74,star-rating One
Raymie Nightingale,34.41,star-rating Two
Playing from the Heart,32.38,star-rating One
Nightstruck: A Novel,50.35,star-rating Four
Naturally Lean: 125 Nourishing ...,11.38,star-rating Five
Meternity,43.58,star-rating Three
Memoirs of a Geisha,49.67,star-rating Three
Like Never Before (Walker ...,28.77,star-rating Two
Life of Pi,13.22,star-rating Four
Leave This Song Behind: ...,51.17,star-rating Five
King's Folly (The Kinsman ...,39.61,star-rating Five
John Adams,57.43,star-rating Four
How to Cook Everything ...,46.01,star-rating Four
How to Be a ...,28.25,star-rating Two
Good in Bed (Cannie ...,37.05,star-rating Five
"Fruits Basket, Vol. 7 ...",19.57,star-rating One
For the Love: Fighting ...,45.13,star-rating Three
Finding God in the ...,46.64,star-rating Two
Every Heart a Doorway ...,12.16,star-rating Five
Delivering the Truth (Quaker ...,20.89,star-rating Four
Counted With the Stars ...,17.97,star-rating Five
"Chronicles, Vol. 1",52.60,star-rating Two
Blue Like Jazz: Nonreligious ...,25.77,star-rating One
Benjamin Franklin: An American ...,48.19,star-rating Three
At The Existentialist Café: ...,29.93,star-rating Five
A Summer In Europe,44.34,star-rating Two
A Short History of ...,52.40,star-rating Five
A Gathering of Shadows ...,44.81,star-rating Four
The Sound Of Love,57.84,star-rating Five
The Rise and Fall ...,39.67,star-rating Two
The Perks of Being ...,55.02,star-rating Three
The Mysterious Affair at ...,24.80,star-rating Four
The Man Who Mistook ...,59.45,star-rating Four
The Makings of a ...,31.58,star-rating Two
The Joy of Cooking,43.27,star-rating Four
The Invention of Wings,37.34,star-rating One
The Hobbit (Middle-Earth Universe),17.80,star-rating Five
The Great Railway Bazaar,30.54,star-rating One
The Golden Compass (His ...,18.77,star-rating One
The God Delusion,46.85,star-rating Three
The Girl You Left ...,15.79,star-rating One
The Fellowship of the ...,10.27,star-rating Two
The Collected Poems of ...,15.42,star-rating Five
The Barefoot Contessa Cookbook,59.92,star-rating Five
Tell the Wolves I'm ...,50.96,star-rating Two
Ship Leaves Harbor: Essays ...,30.60,star-rating Three
Pride and Prejudice,19.27,star-rating Four
Musicophilia: Tales of Music ...,46.58,star-rating One
Mere Christianity,48.51,star-rating Three
Me Before You (Me ...,19.02,star-rating One
In the Woods (Dublin ...,38.38,star-rating Two
In Cold Blood,49.98,star-rating Four
How to Stop Worrying ...,46.49,star-rating Five
Give It Back,18.32,star-rating Two
"Girl, Interrupted",42.14,star-rating Three
Fun Home: A Family ...,56.59,star-rating Four
"Fruits Basket, Vol. 6 ...",20.96,star-rating Four
Deception Point,40.32,star-rating Four
"Death Note, Vol. 6: ...",36.39,star-rating Three
Catherine the Great: Portrait ...,58.55,star-rating Four
Better Homes and Gardens ...,39.61,star-rating Three
An Unquiet Mind: A ...,21.30,star-rating Three
A Year in Provence ...,56.88,star-rating Four
World Without End (The ...,32.97,star-rating Four
"Will Grayson, Will Grayson ...",47.31,star-rating Four
Why Save the Bankers?: ...,48.67,star-rating Two
Where She Went (If ...,41.73,star-rating Four
What If?: Serious Scientific ...,53.68,star-rating Four
Two Summers,14.64,star-rating One
This Is Your Brain ...,38.40,star-rating One
The Secret Garden,15.08,star-rating Four
The Raven King (The ...,30.57,star-rating Two
The Raven Boys (The ...,57.74,star-rating Four
The Power Greens Cookbook: ...,11.05,star-rating Five
The Metamorphosis,28.58,star-rating One
The Mathews Men: Seven ...,42.91,star-rating Five
The Little Paris Bookshop,24.73,star-rating Three
The Hiding Place,55.91,star-rating Four
The Grand Design,13.76,star-rating Three
The Firm,45.56,star-rating Three
The Fault in Our ...,47.22,star-rating One
The False Prince (The ...,56.00,star-rating Five
The Expatriates,44.58,star-rating Two
The Dream Thieves (The ...,34.50,star-rating One
The Darkest Corners,11.33,star-rating Five
The Crossover,38.77,star-rating Four
The 5th Wave (The ...,11.83,star-rating Two
Tell the Wind and ...,45.51,star-rating Three
Tell Me Three Things,41.81,star-rating One
Talking to Girls About ...,25.15,star-rating Four
Siddhartha,34.22,star-rating Five
Shiver (The Wolves of ...,16.23,star-rating Five
Remember Me?,11.48,star-rating Three
Red Dragon (Hannibal Lecter ...,23.37,star-rating Three
Peak: Secrets from the ...,16.28,star-rating Two
My Mother Was Nuts,31.63,star-rating Four
Mexican Today: New and ...,24.91,star-rating Five
Maybe Something Beautiful: How ...,22.54,star-rating One
Lola and the Boy ...,23.63,star-rating Four
Logan Kade (Fallen Crest ...,13.12,star-rating Two
Last One Home (New ...,59.98,star-rating Three
Killing Floor (Jack Reacher ...,31.49,star-rating Four
Kill the Boy Band,15.52,star-rating Five
Isla and the Happily ...,48.13,star-rating Five
If I Stay (If ...,38.13,star-rating Five
I Know Why the ...,36.55,star-rating Two
Harry Potter and the ...,23.32,star-rating One
"Fruits Basket, Vol. 5 ...",16.33,star-rating One
Foundation (Foundation (Publication Order) ...,32.42,star-rating One
Fool Me Once,16.96,star-rating One
Find Her (Detective D.D. ...,22.37,star-rating One
Evicted: Poverty and Profit ...,42.27,star-rating One
Drama,38.70,star-rating Two
Dracula the Un-Dead,35.63,star-rating Five
Digital Fortress,58.00,star-rating Five
"Death Note, Vol. 5: ...",52.41,star-rating One
"Data, A Love Story: ...",32.35,star-rating Three
Critique of Pure Reason,20.75,star-rating One
Booked,17.49,star-rating Five
"Blue Lily, Lily Blue ...",34.13,star-rating Five
Approval Junkie: Adventures in ...,58.81,star-rating Five
An Abundance of Katherines,10.00,star-rating Five
America's War for the ...,51.22,star-rating Two
Alight (The Generations Trilogy ...,58.59,star-rating Four
A Girl's Guide to ...,31.30,star-rating One
A Game of Thrones ...,46.42,star-rating Two
A Feast for Crows ...,17.21,star-rating Four
A Clash of Kings ...,10.79,star-rating Three
Vogue Colors A to ...,52.35,star-rating Four
The Shining (The Shining ...,27.88,star-rating Three
The Pilgrim's Progress,50.26,star-rating Two
The Perfect Play (Play ...,59.99,star-rating Three
The Passion of Dolssa,28.32,star-rating Five
The Jazz of Physics: ...,38.71,star-rating Three
The Hunger Games (The ...,29.85,star-rating Five
The Hound of the ...,14.82,star-rating Two
The Gunning of America: ...,16.81,star-rating Four
The Geography of Bliss: ...,28.23,star-rating Two
The Demonists (Demonist #1),52.11,star-rating Two
The Demon Prince of ...,27.88,star-rating Two
The Bone Hunters (Lexy ...,59.71,star-rating Three
The Beast (Black Dagger ...,46.08,star-rating Five
Some Women,13.73,star-rating Five
Shopaholic Ties the Knot ...,48.39,star-rating Five
Paper and Fire (The ...,49.45,star-rating Five
Outlander (Outlander #1),19.67,star-rating Five
Orchestra of Exiles: The ...,12.36,star-rating Three
No One Here Gets ...,20.02,star-rating Five
Night Shift (Night Shift ...,12.75,star-rating Four
Needful Things,47.51,star-rating Four
Mockingjay (The Hunger Games ...,20.44,star-rating Four
Misery,34.79,star-rating Two
Little Women (Little Women ...,28.07,star-rating Four
It,25.01,star-rating Three
Harry Potter and the ...,13.90,star-rating Three
Harry Potter and the ...,24.17,star-rating Four
Harry Potter and the ...,31.63,star-rating Four
Harry Potter and the ...,48.75,star-rating Five
Harry Potter and the ...,14.74,star-rating One
Gone with the Wind,32.49,star-rating Three
God Is Not Great: ...,27.80,star-rating One
Girl With a Pearl ...,26.77,star-rating One
"Fruits Basket, Vol. 4 ...",50.44,star-rating Four
Far From True (Promise ...,34.93,star-rating Two
Dark Lover (Black Dagger ...,12.87,star-rating One
Confessions of a Shopaholic ...,48.94,star-rating Two
Changing the Game (Play ...,13.38,star-rating Three
Candide,58.63,star-rating Three
Can You Keep a ...,21.94,star-rating One
Atlas Shrugged,26.58,star-rating Five
Animal Farm,57.22,star-rating Three
A Walk to Remember,56.43,star-rating One
A New Earth: Awakening ...,55.65,star-rating Five
A History of God: ...,27.62,star-rating One
'Salem's Lot,49.56,star-rating Four
Zero History (Blue Ant ...,34.77,star-rating One
Wuthering Heights,17.73,star-rating Three
World War Z: An ...,21.80,star-rating One
Wild: From Lost to ...,46.02,star-rating Three
"Where'd You Go, Bernadette",18.13,star-rating One
When You Are Engulfed ...,30.89,star-rating Five
We the People: The ...,31.95,star-rating Three
We Are All Completely ...,24.04,star-rating One
Walk the Edge (Thunder ...,32.36,star-rating Three
Voyager (Outlander #3),21.07,star-rating Five
Very Good Lives: The ...,50.66,star-rating Three
Vegan Vegetarian Omnivore: Dinner ...,13.66,star-rating Two
"Unstuffed: Decluttering Your Home, ...",58.09,star-rating One
Under the Banner of ...,30.00,star-rating One
Two Boys Kissing,32.74,star-rating Two
Twilight (Twilight #1),41.93,star-rating Two
Twenties Girl,42.80,star-rating Two
Trespassing Across America: One ...,53.51,star-rating One
Three-Martini Lunch,23.21,star-rating Three
"Thinking, Fast and Slow",21.14,star-rating One
The Wild Robot,56.07,star-rating Three
The Wicked + The ...,14.41,star-rating Three
The Undomestic Goddess,45.75,star-rating Four
The Travelers,15.77,star-rating One
The Tipping Point: How ...,10.02,star-rating Two
The Thing About Jellyfish,48.77,star-rating One
The Stand,57.86,star-rating Two
The Smitten Kitchen Cookbook,23.59,star-rating One
The Silkworm (Cormoran Strike ...,23.05,star-rating Five
"The Sandman, Vol. 3: ...",55.55,star-rating Five
The Rose & the ...,58.64,star-rating Four
The Road to Little ...,23.21,star-rating One
The Rise of Theodore ...,42.57,star-rating Three
The Restaurant at the ...,10.92,star-rating One
The Rest Is Noise: ...,34.77,star-rating One
The Red Tent,35.66,star-rating Five
The Purpose Driven Life: ...,37.19,star-rating Three
The Purest Hook (Second ...,12.25,star-rating One
The Picture of Dorian ...,29.70,star-rating Two
The Paris Wife,36.80,star-rating Three
The Obsession,45.43,star-rating One
The Nightingale,26.26,star-rating Four
The New Guy (and ...,44.92,star-rating Three
The Nanny Diaries (Nanny ...,52.53,star-rating Five
The Name of God ...,37.25,star-rating Two
The Maze Runner (The ...,20.93,star-rating One
The Lover's Dictionary,58.09,star-rating Two
The Lonely Ones,43.59,star-rating Five
The Lean Startup: How ...,33.92,star-rating Three
The Last Painting of ...,55.55,star-rating Two
"The Land of 10,000 ...",29.64,star-rating Four
The Infinities,27.41,star-rating One
The Husband's Secret,52.51,star-rating Five
The Hitchhiker's Guide to ...,47.80,star-rating Three
The Guns of August,14.54,star-rating Two
The Guernsey Literary and ...,49.53,star-rating One
The Goldfinch,43.58,star-rating Three
The Giver (The Giver ...,12.30,star-rating One
The Girl with All ...,49.47,star-rating Three
The Girl Who Played ...,22.14,star-rating Two
The Girl Who Kicked ...,57.48,star-rating One
The Exiled,43.45,star-rating Three
The End of Faith: ...,22.13,star-rating Four
"The Elegant Universe: Superstrings, ...",13.03,star-rating Four
The Disappearing Spoon: And ...,57.35,star-rating Five
The Devil Wears Prada ...,44.29,star-rating One
The Demon-Haunted World: Science ...,52.25,star-rating Four
The Day the Crayons ...,26.33,star-rating Five
The Da Vinci Code ...,22.96,star-rating Two
The Cuckoo's Calling (Cormoran ...,19.21,star-rating One
The Complete Stories and ...,26.78,star-rating Four
The Complete Poems,41.32,star-rating Five
The Catcher in the ...,24.55,star-rating One
The Cat in the ...,16.26,star-rating Two
The Case for Christ ...,47.84,star-rating One
The Book Thief,53.49,star-rating Two
The Book of Basketball: ...,44.84,star-rating Five
The Blind Side: Evolution ...,53.71,star-rating Five
The Autobiography of Malcolm ...,23.43,star-rating Two
The Art of Simple ...,34.32,star-rating Three
The Art of Fielding,22.10,star-rating One
"Surely You're Joking, Mr. ...",25.83,star-rating Two
Stiff: The Curious Lives ...,36.74,star-rating Three
Spilled Milk: Based on ...,49.51,star-rating One
Something Borrowed (Darcy & ...,48.96,star-rating Five
Something Blue (Darcy & ...,54.62,star-rating One
Soldier (Talon #3),24.72,star-rating Two
Shopaholic & Baby (Shopaholic ...,46.45,star-rating Two
Seven Days in the ...,52.33,star-rating Two
Seven Brief Lessons on ...,30.60,star-rating Four
Scarlet (The Lunar Chronicles ...,14.57,star-rating Four
Sarah's Key,46.29,star-rating One
"Saga, Volume 3 (Saga ...",21.57,star-rating Five
Running with Scissors,12.91,star-rating Four
Rogue Lawyer (Rogue Lawyer ...,50.11,star-rating Three
Rise of the Rocket ...,41.67,star-rating Four
Rework,44.88,star-rating Two
Reservations for Two,11.10,star-rating Three
Red: The True Story ...,28.54,star-rating Three
Ready Player One,19.07,star-rating Four
Quiet: The Power of ...,43.55,star-rating One
Prodigy: The Graphic Novel ...,43.63,star-rating Three
Persepolis: The Story of ...,39.13,star-rating One
Packing for Mars: The ...,56.68,star-rating Two
Outliers: The Story of ...,14.16,star-rating One
Original Fake,31.45,star-rating Three
Orange Is the New ...,24.61,star-rating Two
One for the Money ...,32.87,star-rating Two
Notes from a Small ...,40.17,star-rating One
Night (The Night Trilogy ...,13.51,star-rating One
Neither Here nor There: ...,38.95,star-rating Three
Naked,31.69,star-rating Three
Morning Star (Red Rising ...,29.40,star-rating One
Miracles from Heaven: A ...,57.83,star-rating One
Midnight Riot (Peter Grant/ ...,55.46,star-rating Two
Me Talk Pretty One ...,57.60,star-rating Two
Manuscript Found in Accra,34.98,star-rating Two
Lust & Wonder,11.87,star-rating Two
Lila (Gilead #3),12.47,star-rating Three
"Life, the Universe and ...",33.26,star-rating Two
Life Without a Recipe,59.04,star-rating Five
Life After Life,26.13,star-rating Two
Letter to a Christian ...,22.20,star-rating One
Let's Pretend This Never ...,45.11,star-rating One
Legend (Legend #1),43.69,star-rating Four
"Lean In: Women, Work, ...",25.02,star-rating One
Lamb: The Gospel According ...,55.50,star-rating Five
Lady Renegades (Rebel Belle ...,53.04,star-rating Five
Jurassic Park (Jurassic Park ...,44.97,star-rating One
It's Never Too Late ...,42.38,star-rating One
Is Everyone Hanging Out ...,20.11,star-rating Three
Into the Wild,56.70,star-rating Five
Inferno (Robert Langdon #4),41.00,star-rating Five
In the Garden of ...,28.85,star-rating Three
If I Run (If ...,49.97,star-rating Four
I've Got Your Number,19.69,star-rating One
I Am Malala: The ...,28.88,star-rating Two
Hungry Girl Clean & ...,33.14,star-rating Three
House of Lost Worlds: ...,43.70,star-rating Two
House of Leaves,54.89,star-rating One
Horrible Bear!,37.52,star-rating Two
Holidays on Ice,51.07,star-rating Two
Heir to the Sky,44.07,star-rating Four
Green Eggs and Ham ...,10.79,star-rating Four
"Grayson, Vol 3: Nemesis ...",42.72,star-rating One
Gratitude,26.66,star-rating Five
Gone Girl,37.60,star-rating Five
Golden (Heart of Dread ...,42.21,star-rating Four
Girl in the Blue ...,46.83,star-rating Two
"Fruits Basket, Vol. 3 ...",45.17,star-rating Two
Friday Night Lights: A ...,51.22,star-rating Three
Fire Bound (Sea Haven/Sisters ...,21.28,star-rating Four
Fifty Shades Freed (Fifty ...,15.36,star-rating Five
Fellside,38.62,star-rating One
Extreme Prey (Lucas Davenport ...,25.40,star-rating Three
Eragon (The Inheritance Cycle ...,43.87,star-rating Three
Eclipse (Twilight #3),18.74,star-rating One
Dune (Dune #1),54.86,star-rating One
Dracula,52.62,star-rating Three
Do Androids Dream of ...,51.48,star-rating One
Disrupted: My Misadventure in ...,15.28,star-rating Five
Dead Wake: The Last ...,39.24,star-rating Five
"David and Goliath: Underdogs, ...",17.81,star-rating One
Darkfever (Fever #1),56.02,star-rating One
Dark Places,23.90,star-rating Five
Crazy Rich Asians (Crazy ...,49.13,star-rating Five
Counting Thyme,10.62,star-rating One
Cosmos,36.17,star-rating Two
Civilization and Its Discontents,59.95,star-rating Two
Cinder (The Lunar Chronicles ...,26.09,star-rating One
Catastrophic Happiness: Finding Joy ...,37.35,star-rating Two
Career of Evil (Cormoran ...,24.72,star-rating Two
Breaking Dawn (Twilight #4),35.28,star-rating Five
Brave Enough,51.32,star-rating Five
Boy Meets Boy,21.12,star-rating Three
Born to Run: A ...,27.35,star-rating Two
Blink: The Power of ...,21.74,star-rating Five
Black Flags: The Rise ...,40.87,star-rating One
"Black Butler, Vol. 1 ...",49.31,star-rating One
Big Little Lies,22.11,star-rating One
Between Shades of Gray,20.79,star-rating Five
Best of My Love ...,27.41,star-rating Two
Beowulf,38.35,star-rating Two
Beautiful Creatures (Caster Chronicles ...,21.55,star-rating Five
Awkward,38.02,star-rating Two
Ash,22.06,star-rating Four
Are We There Yet?,10.66,star-rating Three
Are We Smart Enough ...,56.58,star-rating One
Annie on My Mind,36.83,star-rating Five
And Then There Were ...,35.01,star-rating Two
A Walk in the ...,30.48,star-rating Four
A Visit from the ...,14.08,star-rating Five
A Storm of Swords ...,31.22,star-rating Two
A Heartbreaking Work of ...,54.29,star-rating Five
8 Keys to Mental ...,31.04,star-rating One
#GIRLBOSS,50.96,star-rating One
The Suffragettes (Little Black ...,11.89,star-rating Two
The Sense of an ...,31.38,star-rating Three
"The Sandman, Vol. 2: ...",54.81,star-rating One
The Course of Love,16.78,star-rating Three
Sugar Rush (Offensive Line ...,24.42,star-rating One
"Saga, Volume 2 (Saga ...",11.75,star-rating Three
"Run, Spot, Run: The ...",20.02,star-rating One
New Moon (Twilight #2),12.86,star-rating Four
Life,31.58,star-rating Five
Kindle Paperwhite User's Guide,34.00,star-rating Three
H is for Hawk,57.42,star-rating Five
Girl Online On Tour ...,53.47,star-rating One
"Fruits Basket, Vol. 2 ...",11.64,star-rating Five
Diary of a Minecraft ...,52.88,star-rating Four
"Y: The Last Man, ...",18.51,star-rating Four
While You Were Mine,41.32,star-rating Five
Where Lightning Strikes (Bleeding ...,39.77,star-rating Three
When I'm Gone,51.96,star-rating Three
Ways of Seeing,39.51,star-rating Five
"Vampire Knight, Vol. 1 ...",15.40,star-rating One
Vampire Girl (Vampire Girl ...,53.82,star-rating Two
Twenty Love Poems and ...,30.95,star-rating Four
Travels with Charley: In ...,57.82,star-rating Five
Three Wishes (River of ...,44.18,star-rating Two
This One Moment (Pushing ...,48.71,star-rating One
The Zombie Room,19.69,star-rating Five
The Wicked + The ...,36.52,star-rating Two
The Tumor,41.56,star-rating Five
The Story of Hong ...,43.19,star-rating Four
The Silent Wife,12.34,star-rating Five
The Silent Twin (Detective ...,36.25,star-rating Three
The Selfish Gene,29.45,star-rating One
The Secret Healer,34.56,star-rating Three
"The Sandman, Vol. 1: ...",54.12,star-rating Three
The Republic,33.78,star-rating Three
The Odyssey,29.64,star-rating Three
The No. 1 Ladies' ...,57.70,star-rating Four
The Nicomachean Ethics,36.34,star-rating One
The Name of the ...,50.59,star-rating Three
The Mirror & the ...,29.38,star-rating One
The Little Prince,45.42,star-rating Two
The Light of the ...,54.43,star-rating One
The Last Girl (The ...,36.26,star-rating Two
The Iliad,16.16,star-rating One
The Hook Up (Game ...,36.29,star-rating Five
The Haters,27.89,star-rating Five
The Girl You Lost,12.29,star-rating Five
The Girl In The ...,15.85,star-rating Three
The End of the ...,14.40,star-rating One
The Edge of Reason ...,19.18,star-rating Four
The Complete Maus (Maus ...,10.64,star-rating Three
The Communist Manifesto,14.76,star-rating Three
The Bhagavad Gita,57.49,star-rating Three
The Bette Davis Club,30.66,star-rating Three
The Art of Not ...,40.83,star-rating Four
Taking Shots (Assassins #1),18.88,star-rating Two
Starlark,25.83,star-rating Three
"Skip Beat!, Vol. 01 ...",42.12,star-rating Three
Sister Sable (The Mad ...,13.33,star-rating Three
Shatter Me (Shatter Me ...,42.40,star-rating One
Shameless,58.35,star-rating Three
Shadow Rites (Jane Yellowrock ...,21.72,star-rating Four
Settling the Score (The ...,44.91,star-rating Two
Sense and Sensibility,37.46,star-rating One
"Saga, Volume 1 (Saga ...",28.48,star-rating One
"Rhythm, Chord & Malykhin",28.34,star-rating Two
"Rat Queens, Vol. 1: ...",46.96,star-rating Five
Paradise Lost (Paradise #1),24.96,star-rating One
"Paper Girls, Vol. 1 ...",21.71,star-rating Four
Ouran High School Host ...,29.87,star-rating Three
Origins (Alphas 0.5),28.99,star-rating One
One Second (Seven #7),52.94,star-rating Two
On the Road (Duluoz ...,32.36,star-rating Three
Old Records Never Die: ...,55.66,star-rating Two
Off Sides (Off #1),39.45,star-rating Five
Of Mice and Men,47.11,star-rating Two
Myriad (Prentor #1),58.75,star-rating Four
My Perfect Mistake (Over ...,38.92,star-rating Two
"Ms. Marvel, Vol. 1: ...",39.39,star-rating Four
Meditations,25.89,star-rating Two
Matilda,28.34,star-rating One
Lost Among the Living,27.70,star-rating Four
Lord of the Flies,24.89,star-rating Three
Listen to Me (Fusion ...,58.99,star-rating Three
Kitchens of the Great ...,57.20,star-rating Five
Jane Eyre,38.43,star-rating Five
Imperfect Harmony,34.74,star-rating Four
Icing (Aces Hockey #2),40.44,star-rating Four
"Hawkeye, Vol. 1: My ...",45.24,star-rating Three
Having the Barbarian's Baby ...,34.96,star-rating Four
"Giant Days, Vol. 1 ...",56.76,star-rating Four
"Fruits Basket, Vol. 1 ...",40.28,star-rating Five
Frankenstein,38.00,star-rating Two
Forever Rockers (The Rocker ...,28.80,star-rating Three
Fighting Fate (Fighting #6),39.24,star-rating Three
Emma,32.93,star-rating Two
"Eat, Pray, Love",51.32,star-rating Three
Deep Under (Walker Security ...,47.09,star-rating Five
Choosing Our Religion: The ...,28.42,star-rating Four
Charlie and the Chocolate ...,22.85,star-rating Three
Charity's Cross (Charles Towne ...,41.24,star-rating One
Bright Lines,39.07,star-rating Five
Bridget Jones's Diary (Bridget ...,29.82,star-rating One
Bounty (Colorado Mountain #7),37.26,star-rating Four
Blood Defense (Samantha Brinkman ...,20.30,star-rating Three
"Bleach, Vol. 1: Strawberry ...",34.65,star-rating Five
Beyond Good and Evil,43.38,star-rating One
Alice in Wonderland (Alice's ...,55.53,star-rating One
"Ajin: Demi-Human, Volume 1 ...",57.06,star-rating Four
A Spy's Devotion (The ...,16.97,star-rating Five
1st to Die (Women's ...,53.98,star-rating One
"1,000 Places to See ...",26.08,star-rating Five
